attname,avg_width,null_frac,n_distinct
_lotsize_done,1,0.000,1
_poi_done,1,0.000,1
_restore_done,1,0.991,1
activestreetfrontage,22,0.986,9
ada_class_description,18,1.000,1
ada_lay_class,18,1.000,1
ada_lay_name,18,1.000,1
addctrl_fsr_clause,13,0.935,27
addctrl_fsr_label,8,0.934,44
addctrl_fsr_value,20,0.999,7
addctrl_hob_clause,17,0.983,17
addctrl_hob_label,13,0.983,40
addctrl_hob_max_height_m,10,1.000,3
addctrl_hob_value,18,1.000,2
addctrl_ls_clause,12,0.985,28
addctrl_ls_label,7,0.984,20
addctrl_ls_precinct,7,1.000,-3.3318996e-05
addctrl_ls_sym_code,3,0.984,1
addctrl_ls_value,13,1.000,14
addctrl_lzn_area,13,1.000,4
addctrl_lzn_label,12,0.997,12
addctrl_stmarys_area,28,1.000,1
addctrl_stmarys_epi_name,18,1.000,1
address,24,0.000,419045
all_edges_measurements,24,0.050,105034
all_frontage_road_ids,9,0.233,63019
all_frontages,22,0.028,104091
apu_clause,10,0.990,3
apu_code,4,0.973,120
area,12,0.000,111779
area_h,8,0.000,111779
area_sqm,8,0.050,72490
area_type,2,0.000,1
asb_class_description,0,1.000,0
asb_label,0,1.000,0
asb_lay_class,0,1.000,0
asb_lay_name,0,1.000,0
asf_epi_name,18,0.986,32
asf_lga_name,10,0.986,29
ass_lay_class,8,0.648,104
australian_noise_exposure_forecast,8,0.999,8
average_slope,8,0.231,152723
bct_controllin,2,0.993,6
biodiversity,14,0.890,82
biomap_epi_name,18,0.994,6
biomap_label,18,1.000,1
biomap_lay_class,14,0.994,7
biomap_lay_name,13,0.996,1
biovalue_boset_class,20,0.886,86
biovalue_category,19,0.886,4
buffer,4,0.966,4
buffered_geom,18,0.000,172250
bushfireproneland,20,0.708,48
cdc_agritourism,1,0.000,2
cdc_agritourism_exclusions,16,0.011,496
cdc_dual_occupancy,1,0.000,2
cdc_dual_occupancy_exclusions,16,0.272,665
cdc_dwelling_houses,1,0.000,2
cdc_dwelling_houses_exclusions,17,0.355,610
cdc_eligible,1,0.000,2
cdc_farmstay,1,0.000,2
cdc_farmstay_exclusions,16,0.011,496
cdc_general,1,0.000,2
cdc_general_exclusions,17,0.469,392
cdc_greenfield_housing,1,0.000,2
cdc_greenfield_housing_exclusions,18,0.025,635
cdc_inland_dwelling_houses,1,0.000,2
cdc_inland_dwelling_houses_r5,1,0.000,2
cdc_inland_dwelling_houses_r5_exclusions,18,0.003,574
cdc_inland_dwelling_houses_ru1246,1,0.000,2
cdc_inland_dwelling_houses_ru1246_exclusions,19,0.009,662
cdc_inland_dwelling_houses_ru5_r1_r2_r3_r4,1,0.000,2
cdc_inland_dwelling_houses_ru5_r1_r2_r3_r4_exclusions,18,0.361,578
cdc_inland_farm_buildings,1,0.000,2
cdc_inland_farm_buildings_exclusions,19,0.011,699
cdc_manor_homes,1,0.000,1
cdc_manor_homes_exclusions,17,0.000,677
cdc_multi_dwelling_terraces,1,0.000,2
cdc_multi_dwelling_terraces_exclusions,16,0.197,678
cdc_reasons,10,0.000,2662
cdc_rural_housing,1,0.000,2
cdc_rural_housing_exclusions,19,0.011,699
cdc_secondary_dwellings,1,0.000,2
cdc_secondary_dwellings_exclusions,17,0.303,642
centroid_geom,0,1.000,0
centroid_lat,8,0.050,109606
centroid_lon,8,0.050,109606
cenv_epi_name,18,0.866,1
cenv_map_name,18,0.866,1
chaz_label,0,1.000,0
chaz_lay_class,12,1.000,1
chaz_lay_name,21,1.000,1
circular_compactness,8,0.050,5717
closest_hospital,22,0.000,294
closest_hospital_distance,8,0.000,18871
closest_railway_station,23,0.000,576
closest_railway_station_distance,8,0.000,17141
closest_school,23,0.000,3143
closest_school_distance,8,0.000,8037
coastalmanagement,0,1.000,0
coastalmanagement_env,19,0.866,1
coastalmanagement_use,17,0.992,1
contaminationactivitytype,19,0.995,94
convexity,8,0.050,3071
corner_lot_apt_01_4_6storeys_eligible,1,0.000,2
corner_lot_apt_01_4_6storeys_reasons,20,0.000,9504
corner_lot_apt_02_4_6storeys_eligible,1,0.000,2
corner_lot_apt_02_4_6storeys_reasons,20,0.000,11606
corners_count,8,0.050,97
council_name,22,0.000,129
crown_reserve_name,18,0.992,281
cuse_epi_name,18,0.992,1
cuse_map_name,18,0.992,1
cwet_epi_name,18,0.994,1
cwet_map_name,18,0.994,1
dcp_council_name,22,0.051,169
dcp_lga_name,12,0.040,173
dcp_plan_name,22,0.040,3639
dcp_plan_type,4,0.051,1
depth,8,0.031,15301
do_depth,8,0.031,15166
do_width,8,0.031,4601
drinking_water_catchment,19,0.987,5
dualoccupancy,0,1.000,0
dwc_epi_name,19,0.987,23
dwc_lga_name,10,0.987,23
effective_diameter_m,8,0.050,12572
elongation,8,0.050,8753
envsensi_epi_name,19,0.996,8
envsensi_lay_class,18,0.996,6
envsensi_lga_name,12,0.996,8
epi_name,27,0.041,218
epi_name_p,26,0.015,153
equivalent_rectangular_index,8,0.050,3558
esa_coverage_type,9,0.881,4
esa_ref,10,0.881,63
estimated_price,7,0.730,2039
fbl_epi_name,18,0.993,25
fbl_lay_class,17,0.993,10
fbl_lga_name,13,0.993,24
floodmapping,19,0.991,7
floodsdf_ogc_fid,0,1.000,0
fractal_dimension,8,0.050,2396
frontage_area_ratio,8,0.000,13724
fsr_epi_name,29,0.618,78
fsr_fsr,8,0.618,121
fsr_fsr_p,4,0.618,213
fsr_label,2,0.618,93
fsr_label_p,2,0.618,192
fsr_lay_class,8,0.618,34
fsr_lay_class_p,8,0.618,121
fsr_sym_code,2,0.618,93
fsr_sym_code_p,2,0.618,191
geom,32,0.000,-1
geom_1,0,1.000,0
ghc_lay_class,26,0.964,1
groundwatervulnerability,22,0.961,14
gurasid,4,0.000,510073
h_id,5,0.929,978
h_name,17,0.928,1393
hawkesbury_label,0,1.000,0
hawkesbury_lay_class,20,0.996,3
hawkesbury_lay_name,20,0.996,3
heritage_class,18,0.928,27
historic_amendment,21,0.088,1657
historic_commenced_date,23,0.088,1699
historic_lay_class,24,0.088,1042
historic_published_date,23,0.088,1796
historic_zone,9,0.088,1083
hob_epi_name,30,0.347,98
hob_max_b_h,8,0.366,152
hob_max_b_h_m,4,0.353,403
hob_sym_code,8,0.366,113
hob_units,2,0.347,5
in_lmr_housing_area,1,0.000,2
in_tod_area,1,0.000,2
is_battleaxe,1,0.000,2
is_corner_lot,1,0.000,2
kcorr_area_ha,0,1.000,0
kcorr_label,0,1.000,0
kcorr_lay_class,0,1.000,0
kcorr_lay_name,0,1.000,0
koala_lay_class,19,1.000,1
koala_lay_name,19,1.000,1
land_value_1,8,0.056,3451
landres_lay_class,20,0.995,41
landres_lra_type,17,0.995,22
landslidrisk,20,0.984,22
large_lot_apt_01_4storeys_eligible,1,0.000,1
large_lot_apt_01_4storeys_reasons,20,0.000,16716
large_lot_apt_01_6storeys_eligible,1,0.000,1
large_lot_apt_01_6storeys_reasons,20,0.000,16716
large_lot_apt_02_3_4storeys_eligible,1,0.000,2
large_lot_apt_02_3_4storeys_reasons,21,0.000,16827
large_lot_apt_02_5_6storeys_eligible,1,0.000,2
large_lot_apt_02_5_6storeys_reasons,22,0.000,17046
large_lot_apt_03_4_6storeys_eligible,1,0.000,2
large_lot_apt_03_4_6storeys_reasons,21,0.000,17896
lep_currency_date,14,0.041,184
lep_lay_class,9,0.041,7
lep_lga_name,12,0.041,195
lfb_class_description,0,1.000,0
lfb_label,0,1.000,0
lfb_lay_class,0,1.000,0
lfb_lay_name,0,1.000,0
lga_name,12,0.000,131
lmr_fsr,15,0.966,33
lmr_hob,9,0.966,19
lmr_landuse,18,0.966,99
lmr_lot_width,11,0.966,2
lmr_lotsize,20,0.966,6
lmr_sym_code,3,0.966,7
lmr_train_stations,24,0.966,85
localcomplying_lay_class,18,0.995,1
localprov_lay_class,15,0.602,1182
localprov_lay_name,23,0.602,585
longest_axis_m,8,0.050,15666
lot_depth_m,8,0.031,15301
lot_section_plan,12,0.000,112200
lot_size,8,0.261,132
lot_size_units,3,0.261,7
lotnumber,2,0.215,1764
lsz_lay_class,8,0.260,49
lsz_lay_class_p,8,0.260,194
lsz_lay_size_p,6,0.260,298
lsz_sym_code,2,0.260,76
lsz_sym_code_p,2,0.260,293
lzn_epi_name_p,25,0.015,223
lzn_label,3,0.015,54
lzn_lay_class,20,0.015,46
lzn_lay_class_p,20,0.015,421
lzn_sym_code_p,3,0.015,431
manor_homes_01_studio_eligible,1,0.000,2
manor_homes_01_studio_reasons,20,0.000,7253
mine_subsidence_district,13,0.962,28
mineral_epi_name,18,0.994,5
mineral_epi_type,4,0.994,2
mineralresoureland,13,0.994,6
mls_epi_name,28,0.260,188
neck_ratio,8,0.050,7072
no_of_baths,2,0.941,9
no_of_beds,2,0.780,15
no_of_cars,2,0.944,17
normalized_address,0,1.000,0
npws_ogc_fid,6,0.995,562
nrbio_epi_name,25,0.997,3
nrbio_epi_type,4,0.997,1
nrbio_lay_class,14,0.997,9
nrsensi_epi_name,0,1.000,0
nrsensi_lay_class,0,1.000,0
nrsensi_lay_name,0,1.000,0
nrwater_epi_name,19,0.999,1
nrwater_lay_class,7,0.999,10
nrwater_lay_name,15,0.999,1
objectid,4,0.000,112200
ols_maximum_height,8,0.964,67
ols_minimum_height,8,0.964,66
orientation_degrees,8,0.050,4404
perimeter_m,8,0.050,24257
permissible_uses,18,0.088,75775
planlabel,8,0.000,60087
pnf_controllin,2,0.999,2
postcode,4,0.000,613
postcode_1,5,0.000,614
primary_frontage_length_m,8,0.000,11513
primary_frontage_road,14,0.151,18397
property_description,14,0.057,97620
property_id,4,0.000,93981
propertyfrontagecount,2,0.000,35
propid,4,0.000,93981
propid_count,8,0.000,413
ramsar_refcode,4,1.000,6
ramsar_source,21,1.000,6
rectangularity,8,0.050,5398
region_name,9,0.000,5
rfa_label,7,1.000,1
rfa_lay_class,17,1.000,1
rfa_lay_name,17,1.000,1
rip_epi_name,22,0.997,2
rip_lay_name,19,0.997,2
riparianlandwatercouse,23,0.997,7
row_homes_01_saha_eligible,1,0.000,2
row_homes_01_saha_reasons,21,0.000,10641
salinity,29,0.988,9
salinity_epi_name,37,0.988,7
sca_class,23,0.998,3
sca_label,20,0.998,9
sca_legislation,19,0.998,1
scenic_epi_name,18,0.984,14
scenic_lga_name,10,0.984,14
scenicprotectionland,19,0.984,15
sectionnumber,2,0.937,145
semis_01_anthony_gill_eligible,1,0.000,2
semis_01_anthony_gill_reasons,20,0.000,7253
semis_02_sibling_eligible,1,0.000,2
semis_02_sibling_reasons,21,0.000,9090
sepp_landuses,18,0.026,17403
sepps,20,0.026,3
shape_index,8,0.050,5003
small_lot_apt_01_3storeys_eligible,1,0.000,2
small_lot_apt_01_3storeys_min_eligible,1,0.000,2
small_lot_apt_01_3storeys_min_reasons,21,0.000,11901
small_lot_apt_01_3storeys_reasons,21,0.000,13213
small_lot_apt_01_4storeys_eligible,1,0.000,2
small_lot_apt_01_4storeys_reasons,21,0.000,14644
small_lot_apt_02_3storeys_eligible,1,0.000,2
small_lot_apt_02_3storeys_reasons,22,0.000,10925
small_lot_apt_02_4storeys_eligible,1,0.000,2
small_lot_apt_02_4storeys_reasons,22,0.000,14014
small_lot_apt_03_4_6storeys_eligible,1,0.000,2
small_lot_apt_03_4_6storeys_reasons,22,0.000,13986
small_lot_apt_04_4_5storeys_eligible,1,0.000,2
small_lot_apt_04_4_5storeys_reasons,22,0.000,13768
square_compactness,8,0.050,7367
suburbname,10,0.000,3394
terraces_01_carter_eligible,1,0.000,2
terraces_01_carter_reasons,22,0.000,10311
terraces_02_sam_crawford_eligible,1,0.000,2
terraces_02_sam_crawford_reasons,23,0.000,12232
terraces_03_officer_woods_eligible,1,0.000,2
terraces_03_officer_woods_reasons,23,0.000,11510
terraces_04_other_eligible,1,0.000,2
terraces_04_other_reasons,24,0.000,12356
tod_lay_class,27,0.993,1
tod_map_name,27,0.993,1
total_cdc_eligible,4,0.000,9
walkable_score,8,0.098,101
wetland,17,0.994,1
width,8,0.031,12236
wilderness_name,10,0.999,30
